datetime,date,account_type,category,type,asset_class,name,symbol,shares,price,amount,fee,tax,currency,original_amount,original_currency,fx_rate,description,transaction_id,counterparty_name,counterparty_iban,payment_reference,mcc_code
2025-01-06T10:00:00Z,2025-01-06,SECURITIES,TRADING,BUY,STOCK,Synthetic Company 1,ZZ0000000001,11,20,-220,-1,,EUR,,,,BUY synthetic security,synthetic-interest-0,,,,
2026-01-20T10:00:00Z,2026-01-20,SECURITIES,CASH,INTEREST_PAYMENT,,Synthetic Company 1,ZZ0000000001,,,2.5,,-0.5,EUR,,,,INTEREST_PAYMENT synthetic security,synthetic-interest-1,,,,
2026-02-20T10:00:00Z,2026-02-20,SECURITIES,CASH,INTEREST_PAYMENT,,Synthetic Company 1,ZZ0000000001,,,2.5,,-0.5,EUR,,,,INTEREST_PAYMENT synthetic security,synthetic-interest-2,,,,
2026-03-20T10:00:00Z,2026-03-20,SECURITIES,CASH,INTEREST_PAYMENT,,Synthetic Company 1,ZZ0000000001,,,2.5,,-0.5,EUR,,,,INTEREST_PAYMENT synthetic security,synthetic-interest-3,,,,
2026-04-20T10:00:00Z,2026-04-20,SECURITIES,CASH,INTEREST_PAYMENT,,Synthetic Company 1,ZZ0000000001,,,2.5,,-0.5,EUR,,,,INTEREST_PAYMENT synthetic security,synthetic-interest-4,,,,
2026-05-20T10:00:00Z,2026-05-20,SECURITIES,CASH,INTEREST_PAYMENT,,Synthetic Company 1,ZZ0000000001,,,2.5,,-0.5,EUR,,,,INTEREST_PAYMENT synthetic security,synthetic-interest-5,,,,
2026-06-20T10:00:00Z,2026-06-20,SECURITIES,CASH,INTEREST_PAYMENT,,Synthetic Company 1,ZZ0000000001,,,2.5,,-0.5,EUR,,,,INTEREST_PAYMENT synthetic security,synthetic-interest-6,,,,
2026-07-20T10:00:00Z,2026-07-20,SECURITIES,CASH,INTEREST_PAYMENT,,Synthetic Company 1,ZZ0000000001,,,2.5,,-0.5,EUR,,,,INTEREST_PAYMENT synthetic security,synthetic-interest-7,,,,
2026-08-20T10:00:00Z,2026-08-20,SECURITIES,CASH,INTEREST_PAYMENT,,Synthetic Company 1,ZZ0000000001,,,2.5,,-0.5,EUR,,,,INTEREST_PAYMENT synthetic security,synthetic-interest-8,,,,
2026-09-20T10:00:00Z,2026-09-20,SECURITIES,CASH,INTEREST_PAYMENT,,Synthetic Company 1,ZZ0000000001,,,2.5,,-0.5,EUR,,,,INTEREST_PAYMENT synthetic security,synthetic-interest-9,,,,
2026-09-30T10:00:00Z,2026-09-30,SECURITIES,CASH,CUSTOMER_INBOUND,,Synthetic Company 1,ZZ0000000001,,,1,,,EUR,,,,CUSTOMER_INBOUND synthetic security,synthetic-interest-10,,,,
